--
-- PostgreSQL database dump
--

-- Dumped from database version 14.2
-- Dumped by pg_dump version 14.2

SET statement_timeout = 0;
SET lock_timeout = 0;
SET idle_in_transaction_session_timeout = 0;
SET client_encoding = 'UTF8';
SET standard_conforming_strings = on;
SELECT pg_catalog.set_config('search_path', '', false);
SET check_function_bodies = false;
SET xmloption = content;
SET client_min_messages = warning;
SET row_security = off;

--
-- Data for Name: aerich; Type: TABLE DATA; Schema: public; Owner: postgres
--

COPY public.aerich (id, version, app, content) FROM stdin;
1	0_20221216172127_init.py	models	{"models.User": {"app": "models", "name": "models.User", "table": "user", "indexes": [], "abstract": false, "pk_field": {"name": "id", "unique": true, "default": "<function uuid.uuid4>", "indexed": true, "nullable": false, "db_column": "id", "docstring": null, "generated": false, "field_type": "UUIDField", "constraints": {}, "description": null, "python_type": "uuid.UUID", "db_field_types": {"": "CHAR(36)", "postgres": "UUID"}}, "docstring": null, "fk_fields": [], "m2m_fields": [], "o2o_fields": [], "data_fields": [{"name": "created_at", "unique": false, "default": null, "indexed": false, "auto_now": false, "nullable": false, "db_column": "created_at", "docstring": null, "generated": false, "field_type": "DatetimeField", "constraints": {"readOnly": true}, "description": null, "python_type": "datetime.datetime", "auto_now_add": true, "db_field_types": {"": "TIMESTAMP", "mssql": "DATETIME2", "mysql": "DATETIME(6)", "oracle": "TIMESTAMP WITH TIME ZONE", "postgres": "TIMESTAMPTZ"}}, {"name": "updated_at", "unique": false, "default": null, "indexed": false, "auto_now": true, "nullable": false, "db_column": "updated_at", "docstring": null, "generated": false, "field_type": "DatetimeField", "constraints": {"readOnly": true}, "description": null, "python_type": "datetime.datetime", "auto_now_add": true, "db_field_types": {"": "TIMESTAMP", "mssql": "DATETIME2", "mysql": "DATETIME(6)", "oracle": "TIMESTAMP WITH TIME ZONE", "postgres": "TIMESTAMPTZ"}}, {"name": "first_name", "unique": false, "default": null, "indexed": false, "nullable": false, "db_column": "first_name", "docstring": null, "generated": false, "field_type": "CharField", "constraints": {"max_length": 150}, "description": null, "python_type": "str", "db_field_types": {"": "VARCHAR(150)"}}, {"name": "last_name", "unique": false, "default": null, "indexed": false, "nullable": false, "db_column": "last_name", "docstring": null, "generated": false, "field_type": "CharField", "constraints": {"max_length": 150}, "description": null, "python_type": "str", "db_field_types": {"": "VARCHAR(150)"}}, {"name": "email", "unique": false, "default": null, "indexed": false, "nullable": false, "db_column": "email", "docstring": null, "generated": false, "field_type": "CharField", "constraints": {"max_length": 255}, "description": null, "python_type": "str", "db_field_types": {"": "VARCHAR(255)"}}, {"name": "years_of_experience", "unique": false, "default": null, "indexed": false, "nullable": false, "db_column": "years_of_experience", "docstring": null, "generated": false, "field_type": "IntField", "constraints": {"ge": -2147483648, "le": 2147483647}, "description": null, "python_type": "int", "db_field_types": {"": "INT"}}], "description": null, "unique_together": [], "backward_fk_fields": [{"name": "skills", "unique": false, "default": null, "indexed": false, "nullable": false, "docstring": null, "generated": false, "field_type": "BackwardFKRelation", "constraints": {}, "description": null, "python_type": "models.UserSkill", "db_constraint": true}], "backward_o2o_fields": []}, "models.Skill": {"app": "models", "name": "models.Skill", "table": "skill", "indexes": [], "abstract": false, "pk_field": {"name": "id", "unique": true, "default": "<function uuid.uuid4>", "indexed": true, "nullable": false, "db_column": "id", "docstring": null, "generated": false, "field_type": "UUIDField", "constraints": {}, "description": null, "python_type": "uuid.UUID", "db_field_types": {"": "CHAR(36)", "postgres": "UUID"}}, "docstring": null, "fk_fields": [], "m2m_fields": [], "o2o_fields": [], "data_fields": [{"name": "created_at", "unique": false, "default": null, "indexed": false, "auto_now": false, "nullable": false, "db_column": "created_at", "docstring": null, "generated": false, "field_type": "DatetimeField", "constraints": {"readOnly": true}, "description": null, "python_type": "datetime.datetime", "auto_now_add": true, "db_field_types": {"": "TIMESTAMP", "mssql": "DATETIME2", "mysql": "DATETIME(6)", "oracle": "TIMESTAMP WITH TIME ZONE", "postgres": "TIMESTAMPTZ"}}, {"name": "updated_at", "unique": false, "default": null, "indexed": false, "auto_now": true, "nullable": false, "db_column": "updated_at", "docstring": null, "generated": false, "field_type": "DatetimeField", "constraints": {"readOnly": true}, "description": null, "python_type": "datetime.datetime", "auto_now_add": true, "db_field_types": {"": "TIMESTAMP", "mssql": "DATETIME2", "mysql": "DATETIME(6)", "oracle": "TIMESTAMP WITH TIME ZONE", "postgres": "TIMESTAMPTZ"}}, {"name": "name", "unique": false, "default": null, "indexed": false, "nullable": false, "db_column": "name", "docstring": null, "generated": false, "field_type": "CharField", "constraints": {"max_length": 150}, "description": null, "python_type": "str", "db_field_types": {"": "VARCHAR(150)"}}], "description": null, "unique_together": [], "backward_fk_fields": [{"name": "job_offers", "unique": false, "default": null, "indexed": false, "nullable": false, "docstring": null, "generated": false, "field_type": "BackwardFKRelation", "constraints": {}, "description": null, "python_type": "models.JobOfferSkill", "db_constraint": true}, {"name": "users", "unique": false, "default": null, "indexed": false, "nullable": false, "docstring": null, "generated": false, "field_type": "BackwardFKRelation", "constraints": {}, "description": null, "python_type": "models.UserSkill", "db_constraint": true}], "backward_o2o_fields": []}, "models.Aerich": {"app": "models", "name": "models.Aerich", "table": "aerich", "indexes": [], "abstract": false, "pk_field": {"name": "id", "unique": true, "default": null, "indexed": true, "nullable": false, "db_column": "id", "docstring": null, "generated": true, "field_type": "IntField", "constraints": {"ge": 1, "le": 2147483647}, "description": null, "python_type": "int", "db_field_types": {"": "INT"}}, "docstring": null, "fk_fields": [], "m2m_fields": [], "o2o_fields": [], "data_fields": [{"name": "version", "unique": false, "default": null, "indexed": false, "nullable": false, "db_column": "version", "docstring": null, "generated": false, "field_type": "CharField", "constraints": {"max_length": 255}, "description": null, "python_type": "str", "db_field_types": {"": "VARCHAR(255)"}}, {"name": "app", "unique": false, "default": null, "indexed": false, "nullable": false, "db_column": "app", "docstring": null, "generated": false, "field_type": "CharField", "constraints": {"max_length": 100}, "description": null, "python_type": "str", "db_field_types": {"": "VARCHAR(100)"}}, {"name": "content", "unique": false, "default": null, "indexed": false, "nullable": false, "db_column": "content", "docstring": null, "generated": false, "field_type": "JSONField", "constraints": {}, "description": null, "python_type": "Union[dict, list]", "db_field_types": {"": "JSON", "mssql": "NVARCHAR(MAX)", "oracle": "NCLOB", "postgres": "JSONB"}}], "description": null, "unique_together": [], "backward_fk_fields": [], "backward_o2o_fields": []}, "models.Company": {"app": "models", "name": "models.Company", "table": "company", "indexes": [], "abstract": false, "pk_field": {"name": "id", "unique": true, "default": "<function uuid.uuid4>", "indexed": true, "nullable": false, "db_column": "id", "docstring": null, "generated": false, "field_type": "UUIDField", "constraints": {}, "description": null, "python_type": "uuid.UUID", "db_field_types": {"": "CHAR(36)", "postgres": "UUID"}}, "docstring": null, "fk_fields": [], "m2m_fields": [], "o2o_fields": [], "data_fields": [{"name": "created_at", "unique": false, "default": null, "indexed": false, "auto_now": false, "nullable": false, "db_column": "created_at", "docstring": null, "generated": false, "field_type": "DatetimeField", "constraints": {"readOnly": true}, "description": null, "python_type": "datetime.datetime", "auto_now_add": true, "db_field_types": {"": "TIMESTAMP", "mssql": "DATETIME2", "mysql": "DATETIME(6)", "oracle": "TIMESTAMP WITH TIME ZONE", "postgres": "TIMESTAMPTZ"}}, {"name": "updated_at", "unique": false, "default": null, "indexed": false, "auto_now": true, "nullable": false, "db_column": "updated_at", "docstring": null, "generated": false, "field_type": "DatetimeField", "constraints": {"readOnly": true}, "description": null, "python_type": "datetime.datetime", "auto_now_add": true, "db_field_types": {"": "TIMESTAMP", "mssql": "DATETIME2", "mysql": "DATETIME(6)", "oracle": "TIMESTAMP WITH TIME ZONE", "postgres": "TIMESTAMPTZ"}}, {"name": "name", "unique": false, "default": null, "indexed": false, "nullable": false, "db_column": "name", "docstring": null, "generated": false, "field_type": "CharField", "constraints": {"max_length": 150}, "description": null, "python_type": "str", "db_field_types": {"": "VARCHAR(150)"}}], "description": null, "unique_together": [], "backward_fk_fields": [{"name": "job_offers", "unique": false, "default": null, "indexed": false, "nullable": false, "docstring": null, "generated": false, "field_type": "BackwardFKRelation", "constraints": {}, "description": null, "python_type": "models.JobOffer", "db_constraint": true}], "backward_o2o_fields": []}, "models.JobOffer": {"app": "models", "name": "models.JobOffer", "table": "joboffer", "indexes": [], "abstract": false, "pk_field": {"name": "id", "unique": true, "default": "<function uuid.uuid4>", "indexed": true, "nullable": false, "db_column": "id", "docstring": null, "generated": false, "field_type": "UUIDField", "constraints": {}, "description": null, "python_type": "uuid.UUID", "db_field_types": {"": "CHAR(36)", "postgres": "UUID"}}, "docstring": null, "fk_fields": [{"name": "company", "unique": false, "default": null, "indexed": false, "nullable": false, "docstring": null, "generated": false, "on_delete": "CASCADE", "raw_field": "company_id", "field_type": "ForeignKeyFieldInstance", "constraints": {}, "description": null, "python_type": "models.Company", "db_constraint": true}], "m2m_fields": [], "o2o_fields": [], "data_fields": [{"name": "created_at", "unique": false, "default": null, "indexed": false, "auto_now": false, "nullable": false, "db_column": "created_at", "docstring": null, "generated": false, "field_type": "DatetimeField", "constraints": {"readOnly": true}, "description": null, "python_type": "datetime.datetime", "auto_now_add": true, "db_field_types": {"": "TIMESTAMP", "mssql": "DATETIME2", "mysql": "DATETIME(6)", "oracle": "TIMESTAMP WITH TIME ZONE", "postgres": "TIMESTAMPTZ"}}, {"name": "updated_at", "unique": false, "default": null, "indexed": false, "auto_now": true, "nullable": false, "db_column": "updated_at", "docstring": null, "generated": false, "field_type": "DatetimeField", "constraints": {"readOnly": true}, "description": null, "python_type": "datetime.datetime", "auto_now_add": true, "db_field_types": {"": "TIMESTAMP", "mssql": "DATETIME2", "mysql": "DATETIME(6)", "oracle": "TIMESTAMP WITH TIME ZONE", "postgres": "TIMESTAMPTZ"}}, {"name": "name", "unique": false, "default": null, "indexed": false, "nullable": false, "db_column": "name", "docstring": null, "generated": false, "field_type": "CharField", "constraints": {"max_length": 150}, "description": null, "python_type": "str", "db_field_types": {"": "VARCHAR(150)"}}, {"name": "currency", "unique": false, "default": null, "indexed": false, "nullable": false, "db_column": "currency", "docstring": null, "generated": false, "field_type": "CharField", "constraints": {"max_length": 15}, "description": null, "python_type": "str", "db_field_types": {"": "VARCHAR(15)"}}, {"name": "salary", "unique": false, "default": null, "indexed": false, "nullable": false, "db_column": "salary", "docstring": null, "generated": false, "field_type": "IntField", "constraints": {"ge": -2147483648, "le": 2147483647}, "description": null, "python_type": "int", "db_field_types": {"": "INT"}}, {"name": "url", "unique": false, "default": null, "indexed": false, "nullable": false, "db_column": "url", "docstring": null, "generated": false, "field_type": "TextField", "constraints": {}, "description": null, "python_type": "str", "db_field_types": {"": "TEXT", "mssql": "NVARCHAR(MAX)", "mysql": "LONGTEXT", "oracle": "NCLOB"}}, {"name": "company_id", "unique": false, "default": null, "indexed": false, "nullable": false, "db_column": "company_id", "docstring": null, "generated": false, "field_type": "UUIDField", "constraints": {}, "description": null, "python_type": "uuid.UUID", "db_field_types": {"": "CHAR(36)", "postgres": "UUID"}}], "description": null, "unique_together": [], "backward_fk_fields": [{"name": "skills", "unique": false, "default": null, "indexed": false, "nullable": false, "docstring": null, "generated": false, "field_type": "BackwardFKRelation", "constraints": {}, "description": null, "python_type": "models.JobOfferSkill", "db_constraint": true}], "backward_o2o_fields": []}, "models.UserSkill": {"app": "models", "name": "models.UserSkill", "table": "userskill", "indexes": [], "abstract": false, "pk_field": {"name": "id", "unique": true, "default": "<function uuid.uuid4>", "indexed": true, "nullable": false, "db_column": "id", "docstring": null, "generated": false, "field_type": "UUIDField", "constraints": {}, "description": null, "python_type": "uuid.UUID", "db_field_types": {"": "CHAR(36)", "postgres": "UUID"}}, "docstring": null, "fk_fields": [{"name": "user", "unique": false, "default": null, "indexed": false, "nullable": false, "docstring": null, "generated": false, "on_delete": "CASCADE", "raw_field": "user_id", "field_type": "ForeignKeyFieldInstance", "constraints": {}, "description": null, "python_type": "models.User", "db_constraint": true}, {"name": "skill", "unique": false, "default": null, "indexed": false, "nullable": false, "docstring": null, "generated": false, "on_delete": "CASCADE", "raw_field": "skill_id", "field_type": "ForeignKeyFieldInstance", "constraints": {}, "description": null, "python_type": "models.Skill", "db_constraint": true}], "m2m_fields": [], "o2o_fields": [], "data_fields": [{"name": "created_at", "unique": false, "default": null, "indexed": false, "auto_now": false, "nullable": false, "db_column": "created_at", "docstring": null, "generated": false, "field_type": "DatetimeField", "constraints": {"readOnly": true}, "description": null, "python_type": "datetime.datetime", "auto_now_add": true, "db_field_types": {"": "TIMESTAMP", "mssql": "DATETIME2", "mysql": "DATETIME(6)", "oracle": "TIMESTAMP WITH TIME ZONE", "postgres": "TIMESTAMPTZ"}}, {"name": "updated_at", "unique": false, "default": null, "indexed": false, "auto_now": true, "nullable": false, "db_column": "updated_at", "docstring": null, "generated": false, "field_type": "DatetimeField", "constraints": {"readOnly": true}, "description": null, "python_type": "datetime.datetime", "auto_now_add": true, "db_field_types": {"": "TIMESTAMP", "mssql": "DATETIME2", "mysql": "DATETIME(6)", "oracle": "TIMESTAMP WITH TIME ZONE", "postgres": "TIMESTAMPTZ"}}, {"name": "years_of_experience", "unique": false, "default": null, "indexed": false, "nullable": false, "db_column": "years_of_experience", "docstring": null, "generated": false, "field_type": "IntField", "constraints": {"ge": -2147483648, "le": 2147483647}, "description": null, "python_type": "int", "db_field_types": {"": "INT"}}, {"name": "skill_id", "unique": false, "default": null, "indexed": false, "nullable": false, "db_column": "skill_id", "docstring": null, "generated": false, "field_type": "UUIDField", "constraints": {}, "description": null, "python_type": "uuid.UUID", "db_field_types": {"": "CHAR(36)", "postgres": "UUID"}}, {"name": "user_id", "unique": false, "default": null, "indexed": false, "nullable": false, "db_column": "user_id", "docstring": null, "generated": false, "field_type": "UUIDField", "constraints": {}, "description": null, "python_type": "uuid.UUID", "db_field_types": {"": "CHAR(36)", "postgres": "UUID"}}], "description": null, "unique_together": [], "backward_fk_fields": [], "backward_o2o_fields": []}, "models.JobOfferSkill": {"app": "models", "name": "models.JobOfferSkill", "table": "jobofferskill", "indexes": [], "abstract": false, "pk_field": {"name": "id", "unique": true, "default": "<function uuid.uuid4>", "indexed": true, "nullable": false, "db_column": "id", "docstring": null, "generated": false, "field_type": "UUIDField", "constraints": {}, "description": null, "python_type": "uuid.UUID", "db_field_types": {"": "CHAR(36)", "postgres": "UUID"}}, "docstring": null, "fk_fields": [{"name": "job_offer", "unique": false, "default": null, "indexed": false, "nullable": false, "docstring": null, "generated": false, "on_delete": "CASCADE", "raw_field": "job_offer_id", "field_type": "ForeignKeyFieldInstance", "constraints": {}, "description": null, "python_type": "models.JobOffer", "db_constraint": true}, {"name": "skill", "unique": false, "default": null, "indexed": false, "nullable": false, "docstring": null, "generated": false, "on_delete": "CASCADE", "raw_field": "skill_id", "field_type": "ForeignKeyFieldInstance", "constraints": {}, "description": null, "python_type": "models.Skill", "db_constraint": true}], "m2m_fields": [], "o2o_fields": [], "data_fields": [{"name": "created_at", "unique": false, "default": null, "indexed": false, "auto_now": false, "nullable": false, "db_column": "created_at", "docstring": null, "generated": false, "field_type": "DatetimeField", "constraints": {"readOnly": true}, "description": null, "python_type": "datetime.datetime", "auto_now_add": true, "db_field_types": {"": "TIMESTAMP", "mssql": "DATETIME2", "mysql": "DATETIME(6)", "oracle": "TIMESTAMP WITH TIME ZONE", "postgres": "TIMESTAMPTZ"}}, {"name": "updated_at", "unique": false, "default": null, "indexed": false, "auto_now": true, "nullable": false, "db_column": "updated_at", "docstring": null, "generated": false, "field_type": "DatetimeField", "constraints": {"readOnly": true}, "description": null, "python_type": "datetime.datetime", "auto_now_add": true, "db_field_types": {"": "TIMESTAMP", "mssql": "DATETIME2", "mysql": "DATETIME(6)", "oracle": "TIMESTAMP WITH TIME ZONE", "postgres": "TIMESTAMPTZ"}}, {"name": "years_of_experience", "unique": false, "default": null, "indexed": false, "nullable": false, "db_column": "years_of_experience", "docstring": null, "generated": false, "field_type": "IntField", "constraints": {"ge": -2147483648, "le": 2147483647}, "description": null, "python_type": "int", "db_field_types": {"": "INT"}}, {"name": "job_offer_id", "unique": false, "default": null, "indexed": false, "nullable": false, "db_column": "job_offer_id", "docstring": null, "generated": false, "field_type": "UUIDField", "constraints": {}, "description": null, "python_type": "uuid.UUID", "db_field_types": {"": "CHAR(36)", "postgres": "UUID"}}, {"name": "skill_id", "unique": false, "default": null, "indexed": false, "nullable": false, "db_column": "skill_id", "docstring": null, "generated": false, "field_type": "UUIDField", "constraints": {}, "description": null, "python_type": "uuid.UUID", "db_field_types": {"": "CHAR(36)", "postgres": "UUID"}}], "description": null, "unique_together": [], "backward_fk_fields": [], "backward_o2o_fields": []}}
\.


--
-- Data for Name: company; Type: TABLE DATA; Schema: public; Owner: postgres
--

COPY public.company (id, created_at, updated_at, name) FROM stdin;
29967696-faa3-4bec-8ccf-ac7aa7eb21f5	2022-12-17 01:27:50.78593+00	2022-12-17 01:27:50.785945+00	Google
\.


--
-- Data for Name: joboffer; Type: TABLE DATA; Schema: public; Owner: postgres
--

COPY public.joboffer (id, created_at, updated_at, name, currency, salary, url, company_id) FROM stdin;
eaa8eba6-5404-4875-af53-b69248bd5532	2022-12-17 05:39:49.185334+00	2022-12-17 05:39:49.185348+00	Python Developer	USD	3000	https://findjob.com/jobid/1020/	29967696-faa3-4bec-8ccf-ac7aa7eb21f5
\.


--
-- Data for Name: skill; Type: TABLE DATA; Schema: public; Owner: postgres
--

COPY public.skill (id, created_at, updated_at, name) FROM stdin;
fa08bccb-4cb3-4494-9328-513a66641621	2022-12-16 18:41:26.567728+00	2022-12-16 18:41:26.56774+00	NodeJS
6dc08395-c211-4aa5-952d-f2d5389b9863	2022-12-17 05:19:29.157905+00	2022-12-17 05:19:29.157918+00	Django
56886069-ceea-4286-971a-85c0e3d99406	2022-12-17 15:29:26.504021+00	2022-12-17 15:29:26.504033+00	Python
70839e61-9b27-41a3-81fb-2e89d4d95940	2022-12-17 15:32:10.883153+00	2022-12-17 15:32:10.883164+00	NoSQL
b0417edc-785e-4595-8159-ca978953a864	2022-12-17 15:32:24.140393+00	2022-12-17 15:32:24.140413+00	AWS
\.


--
-- Data for Name: jobofferskill; Type: TABLE DATA; Schema: public; Owner: postgres
--

COPY public.jobofferskill (id, created_at, updated_at, years_of_experience, job_offer_id, skill_id) FROM stdin;
2d52db47-68a9-481a-9c31-18cb0658985d	2022-12-17 15:36:58.986234+00	2022-12-17 15:36:58.986245+00	3	eaa8eba6-5404-4875-af53-b69248bd5532	56886069-ceea-4286-971a-85c0e3d99406
5d77a8db-9707-4940-97e1-09ba08895dbc	2022-12-17 15:37:17.565133+00	2022-12-17 15:37:17.565146+00	5	eaa8eba6-5404-4875-af53-b69248bd5532	70839e61-9b27-41a3-81fb-2e89d4d95940
88bf2a35-694d-45c8-abe1-97eaa9ec7f6d	2022-12-17 15:37:37.768764+00	2022-12-17 15:37:37.76878+00	2	eaa8eba6-5404-4875-af53-b69248bd5532	b0417edc-785e-4595-8159-ca978953a864
\.


--
-- Data for Name: user; Type: TABLE DATA; Schema: public; Owner: postgres
--

COPY public."user" (id, created_at, updated_at, first_name, last_name, email, years_of_experience) FROM stdin;
36677fc9-3702-4944-aca0-7228054cf6d6	2022-12-16 18:01:55.35144+00	2022-12-16 18:01:55.351452+00	Robert	Arzola Castillo	robert.arzola.cas@gmail.com	4
5b0cf273-af9f-47cb-800b-1c19a4cf66ca	2022-12-17 05:29:36.967561+00	2022-12-17 05:29:36.967573+00	Elon	Musk	elon@gmail.com	6
ae8ce464-37f8-4043-befb-f79744688b6f	2022-12-17 19:12:53.477008+00	2022-12-17 19:12:53.477021+00	Ricardo	Beltran	ricardo@gmail.com	2
\.


--
-- Data for Name: userskill; Type: TABLE DATA; Schema: public; Owner: postgres
--

COPY public.userskill (id, created_at, updated_at, years_of_experience, skill_id, user_id) FROM stdin;
00da123e-93d9-4f9d-9fe7-bda9d5ea6b13	2022-12-17 00:27:11.772615+00	2022-12-17 00:27:11.772634+00	5	56886069-ceea-4286-971a-85c0e3d99406	36677fc9-3702-4944-aca0-7228054cf6d6
74171e53-636e-4727-8834-acc57fad3789	2022-12-17 15:34:48.708012+00	2022-12-17 15:34:48.708028+00	4	70839e61-9b27-41a3-81fb-2e89d4d95940	36677fc9-3702-4944-aca0-7228054cf6d6
0c3a0c2b-d26f-405f-af08-f01866779ab1	2022-12-17 15:35:10.82954+00	2022-12-17 15:35:10.829552+00	3	b0417edc-785e-4595-8159-ca978953a864	36677fc9-3702-4944-aca0-7228054cf6d6
604ff81b-eca7-4d53-9b4e-dc8fbc7d5cc4	2022-12-17 19:14:30.336439+00	2022-12-17 19:14:30.336451+00	1	b0417edc-785e-4595-8159-ca978953a864	ae8ce464-37f8-4043-befb-f79744688b6f
b0023a1d-5f85-46cc-b584-b280a4308673	2022-12-17 19:17:53.759371+00	2022-12-17 19:17:53.759383+00	2	b0417edc-785e-4595-8159-ca978953a864	5b0cf273-af9f-47cb-800b-1c19a4cf66ca
032cd6c8-fc06-463e-84da-548b52fcec87	2022-12-17 19:18:10.094882+00	2022-12-17 19:18:10.094894+00	2	56886069-ceea-4286-971a-85c0e3d99406	5b0cf273-af9f-47cb-800b-1c19a4cf66ca
\.


--
-- Name: aerich_id_seq; Type: SEQUENCE SET; Schema: public; Owner: postgres
--

SELECT pg_catalog.setval('public.aerich_id_seq', 1, true);


--
-- PostgreSQL database dump complete
--
